{
  "test/testsuite.qunit.js.map": 1721829368127,
  "test/integration/opaTests.qunit.js": 1721825601007,
  "test/integration/pages/RisksList.js": 1721825601011,
  "test/integration/pages/RisksObjectPage.js": 1721825601011,
  "test/integration/FirstJourney.js": 1721825601015,
  "test/testsuite.qunit.js": 1721825601007,
  "xs-app.json": 1721829359373,
  "manifest.json": 1721829359377,
  "Component.js": 1721825600999,
  "test/testsuite.qunit-dbg.js": 1721825601007,
  "i18n/i18n.properties": 1721825621311,
  "test/integration/pages/RisksList-dbg.js": 1721825601011,
  "test/integration/pages/RisksList.js.map": 1721829368120,
  "test/integration/pages/RisksObjectPage-dbg.js": 1721825601011,
  "test/integration/pages/RisksObjectPage.js.map": 1721829368095,
  "test/integration/FirstJourney-dbg.js": 1721825601015,
  "test/integration/FirstJourney.js.map": 1721829368118,
  "test/integration/opaTests.qunit-dbg.js": 1721825601007,
  "test/integration/opaTests.qunit.js.map": 1721829368119,
  "Component-dbg.js": 1721825600999,
  "Component.js.map": 1721829368119,
  "Component-preload.js": 1721829368183,
  "Component-preload.js.map": 1721829368183,
  "test/integration/opaTests.qunit.html": 1721825601007,
  "test/testsuite.qunit.html": 1721825601007,
  "test/flpSandbox.html": 1721825601003,
  "index.html": 1721825600999
}